file,width_px,height_px,est_dpi
outputs\figures\confusion_matrix_gradient_boosting.png,1272,1028,159
outputs\figures\confusion_matrix_logistic_regression.png,1272,1028,159
outputs\figures\confusion_matrix_random_forest.png,1272,1028,159
outputs\figures\confusion_matrix_svm_rbf.png,1272,1028,159
outputs\figures\confusion_matrix_xgboost.png,1272,1028,159
outputs\figures\global_relative_bandpower.png,1956,1074,244
outputs\figures\precision_recall_holdout.png,1016,1028,128
outputs\figures\roc_curves_holdout.png,1016,1028,128
outputs\figures\statistics_volcano.png,1733,1072,217
outputs\figures\top_feature_importance_gradient_boosting.png,2175,1347,272
outputs\figures\top_feature_importance_logistic_regression.png,2177,1347,272
outputs\figures\top_feature_importance_random_forest.png,2175,1347,272
outputs\figures\top_feature_importance_xgboost.png,2175,1347,272
outputs\synthetic_smoke_test\figures\confusion_matrix_gradient_boosting.png,1711,1406,214
outputs\synthetic_smoke_test\figures\confusion_matrix_logistic_regression.png,1711,1406,214
outputs\synthetic_smoke_test\figures\confusion_matrix_random_forest.png,1711,1406,214
outputs\synthetic_smoke_test\figures\confusion_matrix_svm_rbf.png,1711,1406,214
outputs\synthetic_smoke_test\figures\confusion_matrix_xgboost.png,1711,1406,214
outputs\synthetic_smoke_test\figures\feature_correlation_heatmap.png,2654,2361,332
outputs\synthetic_smoke_test\figures\global_relative_bandpower.png,2670,1466,334
outputs\synthetic_smoke_test\figures\precision_recall_holdout.png,1389,1406,176
outputs\synthetic_smoke_test\figures\roc_curves_holdout.png,1389,1406,176
outputs\synthetic_smoke_test\figures\statistics_volcano.png,2370,1466,296
outputs\synthetic_smoke_test\figures\top_feature_importance_gradient_boosting.png,2965,1841,371
outputs\synthetic_smoke_test\figures\top_feature_importance_logistic_regression.png,2967,1841,371
outputs\synthetic_smoke_test\figures\top_feature_importance_random_forest.png,2967,1841,371
outputs\synthetic_smoke_test\figures\top_feature_importance_xgboost.png,2967,1841,371
outputs_journal_upgrade\figures\figure_ablation_f1.png,2400,1400,300
outputs_journal_upgrade\figures\figure_ablation_roc_auc.png,2400,1400,300
outputs_journal_upgrade\figures\figure_ablation_sensitivity_specificity.png,1400,1200,175
outputs_journal_upgrade\figures\figure_calibration_curve.png,1200,1200,150
outputs_journal_upgrade\figures\figure_external_validation_comparison.png,1200,600,150
outputs_journal_upgrade\figures\figure_feature_family_heatmap.png,2000,800,250
outputs_journal_upgrade\figures\figure_feature_stability_barplot.png,1800,1000,225
outputs_journal_upgrade\figures\figure_leakage_probability_by_subject.png,1800,800,225
outputs_journal_upgrade\figures\figure_negative_control_auc_distribution.png,1600,800,200
outputs_journal_upgrade\figures\figure_real_vs_negative_controls.png,1600,1000,200
outputs_journal_upgrade\figures\figure_snwa_calibration.png,1200,1200,150
outputs_journal_upgrade\figures\figure_snwa_roc_by_k.png,1400,1000,175
outputs_journal_upgrade\figures\figure_snwa_score_distribution.png,1400,1000,175
outputs_journal_upgrade\figures\figure_subject_auc_distribution.png,1600,800,200
outputs_journal_upgrade\figures\figure_subject_sensitivity_specificity.png,1400,1200,175
outputs_phd_revision\figures\calibration_confidence_bands.png,1800,1500,225
outputs_phd_revision\figures\combined_roc_confidence.png,1950,1800,244
outputs_phd_revision\figures\ft5_flow_diagram.png,2400,1800,300
outputs_phd_revision\figures\ft9_topographic_map.png,1500,1500,188
outputs_phd_revision\figures\mv4_learning_curve.png,1650,1200,206
outputs_phd_revision\figures\mv6_threshold_gradient_boosting.png,1800,1200,225
outputs_phd_revision\figures\mv6_threshold_logistic_regression.png,1800,1200,225
outputs_phd_revision\figures\mv6_threshold_random_forest.png,1800,1200,225
outputs_phd_revision\figures\mv6_threshold_svm_rbf.png,1800,1200,225
outputs_phd_revision\figures\mv6_threshold_xgboost.png,1800,1200,225
outputs_phd_revision\figures\subject_auc_scatter.png,1650,1650,206
outputs_reproduced\figure_baseline_pr.png,1400,1000,175
outputs_reproduced\figure_baseline_roc.png,1400,1000,175
outputs_reproduced\figures\combined_roc_loso.png,1745,1765,221
outputs_reproduced\figures\confusion_matrix_gradient_boosting.png,1738,1406,217
outputs_reproduced\figures\confusion_matrix_logistic_regression.png,1738,1406,217
outputs_reproduced\figures\confusion_matrix_random_forest.png,1738,1406,217
outputs_reproduced\figures\confusion_matrix_svm_rbf.png,1738,1406,217
outputs_reproduced\figures\confusion_matrix_xgboost.png,1738,1406,217
outputs_reproduced\figures\feature_correlation_heatmap.png,2654,2361,332
outputs_reproduced\figures\global_relative_bandpower.png,2670,1466,334
outputs_reproduced\figures\precision_recall_holdout.png,1389,1406,176
outputs_reproduced\figures\roc_curves_holdout.png,1389,1406,176
outputs_reproduced\figures\statistics_volcano.png,2367,1466,296
outputs_reproduced\figures\subject_auc_scatter.png,1200,1200,150
outputs_reproduced\figures\top_feature_importance_gradient_boosting.png,2965,1841,371
outputs_reproduced\figures\top_feature_importance_logistic_regression.png,2969,1841,371
outputs_reproduced\figures\top_feature_importance_random_forest.png,2965,1841,371
outputs_reproduced\figures\top_feature_importance_xgboost.png,2965,1841,371
paper\figures\figure_ablation_f1.png,1955,1030,244
paper\figures\figure_ablation_roc_auc.png,1955,1030,244
paper\figures\figure_ablation_sensitivity_specificity.png,1955,1030,244
paper\figures\figure_calibration_curve.png,1296,1182,162
paper\figures\figure_external_validation_comparison.png,1060,1072,134
paper\figures\figure_feature_family_heatmap.png,2038,1514,255
paper\figures\figure_feature_stability_barplot.png,1956,1402,244
paper\figures\figure_flow_diagram.png,2700,2100,338
paper\figures\figure_independent_loso_recheck_roc.png,1060,1072,134
paper\figures\figure_leakage_probability_by_subject.png,1956,1031,244
paper\figures\figure_negative_control_auc_distribution.png,1711,1074,214
paper\figures\figure_real_vs_negative_controls.png,1737,962,217
paper\figures\figure_snwa_calibration.png,1252,1116,156
paper\figures\figure_snwa_roc_by_k.png,1060,1072,134
paper\figures\figure_snwa_score_distribution.png,1516,1028,190
paper\figures\figure_subject_auc_distribution.png,1406,984,176
paper\figures\figure_subject_sensitivity_specificity.png,2176,1031,272
paper\figures\figure_topographic_map.png,1500,1500,188
results\outputs_phd_revision\outputs_phd_revision\figures\calibration_confidence_bands.png,1800,1500,225
results\outputs_phd_revision\outputs_phd_revision\figures\combined_roc_confidence.png,1950,1800,244
