n,TP,FP,FN,TN,accuracy,sensitivity,specificity,f1,roc_auc,pr_auc,brier,ece,feature_set,model,n_features,seconds
4266,612,667,468,2519,0.7339428035630567,0.5666666666666667,0.790646578782172,0.5188639253921153,0.795994774592546,0.5448079011697733,0.20462991969263897,0.18124893096041414,full_812_feature_table,svm_rbf,805,610.84
4266,741,885,339,2301,0.7130801687763713,0.6861111111111111,0.7222222222222222,0.5476718403547672,0.7719472925530678,0.5290106683120044,0.19604488505866832,0.16197781928946506,regional_hemispheric_summaries_only,logistic_regression,45,3.29
4266,682,799,398,2387,0.7194092827004219,0.6314814814814815,0.7492153170119272,0.5326044513861773,0.7625603043407501,0.465795491196074,0.24902705260581473,0.23914714485033617,full_812_feature_table,logistic_regression,805,23.38
4266,715,728,365,2458,0.7437880918893577,0.6620370370370371,0.7715003138731952,0.5667855727308759,0.7606185045685988,0.5966369392027476,0.18437790755264621,0.18648417042052967,SNWA_only,SNWA,8,0.0
4266,471,572,609,2614,0.723159868729489,0.4361111111111111,0.8204645323289391,0.4437117286858219,0.7568988165818047,0.418469974849954,0.1904025398097715,0.10399892480939031,full_812_feature_table,gradient_boosting,805,4017.63
4266,223,307,857,2879,0.7271448663853727,0.2064814814814815,0.9036409290646579,0.27701863354037265,0.7535158157215597,0.44797822068297233,0.16399600197947597,0.06692061259571808,spectral_absolute_bandpower_only,random_forest,115,25.51
4266,729,923,351,2263,0.7013595874355368,0.675,0.7102950408035154,0.5336749633967789,0.7522026342098533,0.4365742369908247,0.22007363000862015,0.16956399856753662,time_domain_morphology_only,logistic_regression,168,15.3
4266,197,215,883,2971,0.7426160337552743,0.1824074074074074,0.9325172630257376,0.2640750670241287,0.7519278498523634,0.45077995481033073,0.16408112270146377,0.04422761368963902,full_812_feature_table,random_forest,805,53.45
4266,442,554,638,2632,0.7205813408345054,0.40925925925925927,0.8261142498430634,0.4258188824662813,0.7511511590058357,0.41682681384887105,0.1787173912889119,0.09438295145984085,full_812_feature_table,xgboost,805,244.35
4266,488,483,592,2703,0.7480075011720582,0.45185185185185184,0.8483992467043314,0.4758654314968308,0.750811129711004,0.4814294596568857,0.17332851448665343,0.08029407706072376,spectral_absolute_bandpower_only,gradient_boosting,115,523.37
4266,400,335,680,2851,0.7620721987810596,0.37037037037037035,0.8948524795982423,0.44077134986225897,0.7483614656715724,0.488259517519132,0.1649679119741105,0.038836183614567775,relative_bandpower_only,xgboost,115,28.11
4266,448,395,632,2791,0.7592592592592593,0.4148148148148148,0.8760200878844947,0.4659386375455018,0.7446583432145264,0.4958216798068856,0.1710944775839883,0.06973180747191805,relative_bandpower_only,gradient_boosting,115,548.12
4266,701,919,379,2267,0.6957337083919363,0.649074074074074,0.7115505335844319,0.5192592592592593,0.7443706261188998,0.4285596405452248,0.22825016553384853,0.18533376565464552,spectral_absolute_bandpower_only,logistic_regression,115,7.96
4266,440,507,640,2679,0.7311298640412565,0.4074074074074074,0.8408662900188324,0.43413912185495807,0.7411962928088164,0.47656153979933924,0.17188789293467627,0.05968899145963406,spectral_absolute_bandpower_only,xgboost,115,28.83
4266,747,976,333,2210,0.6931551804969527,0.6916666666666667,0.6936597614563716,0.5330003567606136,0.7380399781451257,0.4540079591803118,0.2281263427552732,0.20075701290911263,hjorth_only,logistic_regression,63,2.31
4266,675,961,405,2225,0.6797937177684014,0.625,0.6983678593848085,0.49705449189985274,0.7273514333542582,0.45409277597805575,0.23369553860464606,0.1962905391655954,relative_bandpower_only,logistic_regression,115,9.57
4266,172,177,908,3009,0.7456633849038913,0.15925925925925927,0.9444444444444444,0.24072778166550035,0.7250117702448211,0.4126228747311997,0.1705229007136532,0.03006719799968744,relative_bandpower_only,random_forest,115,26.22
4266,225,211,855,2975,0.7501172058134083,0.20833333333333334,0.9337727558066541,0.29683377308707126,0.722794604868522,0.43099742084169274,0.169102610433922,0.02686552586341617,hjorth_only,random_forest,63,20.53
4266,414,454,666,2732,0.7374589779653071,0.38333333333333336,0.8575015693659761,0.42505133470225875,0.7206851154355862,0.44768140833532594,0.17732957419579234,0.07070527257868454,hjorth_only,xgboost,63,14.55
4266,407,492,673,2694,0.726910454758556,0.3768518518518518,0.8455743879472694,0.4113188479029813,0.7205127758015392,0.4232512226836034,0.1866912079091112,0.08991790806881082,time_domain_morphology_only,gradient_boosting,168,740.38
4266,474,574,606,2612,0.7233942803563057,0.4388888888888889,0.8198367859384809,0.44548872180451127,0.7191451024156611,0.41085232954852174,0.19355153328137623,0.10268995598120209,hjorth_only,gradient_boosting,63,279.17
4266,348,441,732,2745,0.7250351617440225,0.32222222222222224,0.8615819209039548,0.3723916532905297,0.7164196368370882,0.44094029230937504,0.18020567095602644,0.06873876652520969,time_domain_morphology_only,xgboost,168,35.43
4266,603,849,477,2337,0.6891701828410689,0.5583333333333333,0.7335216572504708,0.476303317535545,0.7120745274464672,0.4064813180817206,0.22801947963513383,0.18546146913439804,hjorth_only,svm_rbf,63,121.97
4266,606,870,474,2316,0.6849507735583685,0.5611111111111111,0.7269303201506592,0.47417840375586856,0.7109187184673688,0.38601269667429455,0.22438172165262008,0.17575480497524698,time_domain_morphology_only,svm_rbf,168,268.91
4266,604,820,476,2366,0.6962025316455697,0.5592592592592592,0.7426239799121155,0.48242811501597443,0.7094005021971124,0.41217220732467524,0.20471934155775998,0.1460916753947464,regional_hemispheric_summaries_only,svm_rbf,45,129.95
4266,308,295,772,2891,0.7498827941865917,0.2851851851851852,0.9074074074074074,0.3660130718954248,0.708362395666225,0.42405034325497315,0.17444725581930953,0.049943269585183726,regional_hemispheric_summaries_only,xgboost,45,10.72
4266,533,713,547,2473,0.7046413502109705,0.4935185185185185,0.7762084118016321,0.4582975064488392,0.7070400595196578,0.3967689086745093,0.22378331390748757,0.18081062912983892,relative_bandpower_only,svm_rbf,115,145.09
4266,541,794,539,2392,0.6875293014533521,0.5009259259259259,0.7507846829880728,0.4480331262939959,0.7059951233405407,0.4000185847341293,0.2536793741922552,0.22913474319543617,spectral_absolute_bandpower_only,svm_rbf,115,144.47
4266,256,332,824,2854,0.7290201593999063,0.23703703703703705,0.8957940991839297,0.3069544364508393,0.7026660331078096,0.423531690504475,0.17608690485492526,0.05422526957337083,time_domain_morphology_only,random_forest,168,29.29
4266,315,344,765,2842,0.7400375058602907,0.2916666666666667,0.8920276208411801,0.3622771707878091,0.7013320720280859,0.41708041062966333,0.18022045560807795,0.0670396456991995,regional_hemispheric_summaries_only,gradient_boosting,45,202.09
4266,157,213,923,2973,0.73370839193624,0.14537037037037037,0.9331450094161958,0.21655172413793103,0.6998940677966101,0.37998001274014837,0.1777794870292233,0.03606618221597124,regional_hemispheric_summaries_only,random_forest,45,19.24
4266,639,962,441,2224,0.6711204875761838,0.5916666666666667,0.6980539861895794,0.47668780305856023,0.6915228081188534,0.4188796251212233,0.22080927144689352,0.19602180036819847,best_low_dimensional_stable_combination,logistic_regression,20,1.05
4266,186,326,894,2860,0.7140178152836381,0.17222222222222222,0.8976773383553045,0.23366834170854273,0.6669912929250656,0.34669715654628847,0.18639675244547507,0.05106092697211167,best_low_dimensional_stable_combination,xgboost,20,6.43
4266,198,271,882,2915,0.7297233942803563,0.18333333333333332,0.9149403640929065,0.25564880568108456,0.6611952465648323,0.3631810462220595,0.18521046904588356,0.05015623530716163,band_ratios_only,xgboost,63,20.61
4266,233,359,847,2827,0.7172995780590717,0.21574074074074073,0.8873195229127433,0.27870813397129185,0.6574059542907629,0.3624319181328028,0.19265618768512385,0.07818117548192931,band_ratios_only,gradient_boosting,63,289.49
4266,309,453,771,2733,0.7130801687763713,0.2861111111111111,0.8578154425612052,0.3355048859934853,0.6527487154448863,0.35974182247594566,0.19295886828968928,0.07513216465646495,connectivity_correlation_only,gradient_boosting,215,956.55
4266,129,214,951,2972,0.726910454758556,0.11944444444444445,0.9328311362209667,0.18130709768095574,0.6527288077468555,0.34898267733226696,0.18417578267437623,0.050125019534302234,band_ratios_only,random_forest,63,21.35
4266,220,406,860,2780,0.7032348804500703,0.2037037037037037,0.8725674827369743,0.25791324736225085,0.6502804515124039,0.33691530922282936,0.1940363002160629,0.07915145676492893,best_low_dimensional_stable_combination,gradient_boosting,20,92.46
4266,562,1044,518,2142,0.63384903891233,0.5203703703703704,0.672316384180791,0.4184661206254654,0.6440584966636442,0.34409287719484666,0.21224305319839767,0.1390877516371507,best_low_dimensional_stable_combination,svm_rbf,20,112.86
4266,84,162,996,3024,0.7285513361462729,0.07777777777777778,0.9491525423728814,0.12669683257918551,0.6425816942177582,0.3367071504831193,0.18420431903422407,0.03980895452414441,entropy_only,random_forest,21,17.26
4266,176,237,904,2949,0.7325363338021565,0.16296296296296298,0.9256120527306968,0.23576691225720026,0.6419270651693753,0.35256799839999853,0.18564340501445592,0.041965391196090475,entropy_only,xgboost,21,6.14
4266,150,276,930,2910,0.7172995780590717,0.1388888888888889,0.9133709981167608,0.199203187250996,0.6406821801399641,0.3299655734081706,0.1902996073605251,0.07429090482887953,best_low_dimensional_stable_combination,random_forest,20,17.32
4266,571,976,509,2210,0.6518987341772152,0.5287037037037037,0.6936597614563716,0.43471640654739246,0.640681453581642,0.36100181380831864,0.23962983354075812,0.20973978957643732,band_ratios_only,logistic_regression,63,2.79
4266,527,951,553,2235,0.647444913267698,0.487962962962963,0.7015065913370998,0.41204065676309615,0.6334404280300389,0.34589184147578195,0.2252258081274187,0.16295697752729355,band_ratios_only,svm_rbf,63,206.99
4266,156,213,924,2973,0.7334739803094233,0.14444444444444443,0.9331450094161958,0.2153209109730849,0.6327496163772057,0.34664589803194745,0.18667159907798095,0.056194327238631055,connectivity_correlation_only,random_forest,215,31.54
4266,216,303,864,2883,0.7264416315049227,0.2,0.9048964218455744,0.2701688555347092,0.631410860012555,0.35453609608722164,0.18967925892705256,0.062196993153277785,entropy_only,gradient_boosting,21,97.79
4266,236,406,844,2780,0.7069854664791374,0.21851851851851853,0.8725674827369743,0.27409988385598144,0.6267492618167445,0.3314287897535006,0.19463458313394236,0.06539939460290034,connectivity_correlation_only,xgboost,215,48.88
4266,518,986,562,2200,0.6371308016877637,0.47962962962962963,0.6905210295040803,0.40092879256965946,0.6253949571039966,0.3282152474434153,0.21280428195979695,0.1302715059388414,entropy_only,svm_rbf,21,126.05
4266,532,1041,548,2145,0.6275199249882795,0.4925925925925926,0.6732580037664784,0.40105540897097625,0.6043515031038572,0.30508825958443686,0.30029547723299793,0.2744204894037562,connectivity_correlation_only,svm_rbf,215,198.68
4266,594,1234,486,1952,0.596812001875293,0.55,0.6126804770872567,0.40852819807427787,0.5989819464788078,0.33562128339850106,0.24460840796635702,0.23140421819783794,entropy_only,logistic_regression,21,0.74
4266,572,1290,508,1896,0.5785278949835911,0.5296296296296297,0.5951035781544256,0.38885112168592795,0.5795508707074934,0.30762196658052465,0.3293853801593594,0.3104967445716781,connectivity_correlation_only,logistic_regression,215,8.71
